酒店评论ID,城市,酒店名称,评论日期,评论内容,入住日期,入住房型
1001,茂名,茂名君悦商务酒店,2018-12-02,干净卫生服务好,2018-12-02,标双
1002,茂名,维也纳国际酒店(茂名电白店),2018-12-03,环境可以，干净！,2018-12-03,豪华双床房
1003,茂名,茂名永利之家,2018-12-04,环境不错，房间卫生都很好，生活也很方便，就是隔音效果不理想，有时太吵。我定的优惠价，性价比很高的，是一个不错选择。,2018-12-04,标准单人间
1004,茂名,茂名诚荟酒店,2018-12-05,很好.......舒服态度不错,2018-12-05,豪华大床房
1005,茂名,茂名华景商务酒店,2018-12-06,#卫生# #设计风格# #酒店餐饮#,2018-12-06,特惠单人间(无窗)
1006,茂名,茂名荔晶大酒店,2018-12-07,交通方便，离父母又比较近些，所以还是选择这里,2018-12-07,商务房
1007,茂名,好莱登商务宾馆(信宜绍秀体育馆店),2018-12-08,酒店设施不错，热水很快，中央空调效果很好，服务态度很好，每次出差都是入住这个酒店，值得大家前往入住！,2018-12-08,三人房
1008,茂名,茂名海豚酒店,2018-12-09,酒店隔音效果很差，杯子里有茶垢，窗子只能打开一点点没啥感觉，去听听他吞吞吐吐吞吞吐吐吞吞吐吐,2018-12-09,标准单人房
1009,茂名,茂名荔晶大酒店,2018-12-10,晚上11：00以后，还是很安静的，但早上5:00以后，傍边的河东市场就喧闹起来了,2018-12-10,商务房
1010,茂名,茂名海豚酒店,2018-12-11,没有早餐，有停车场，酒店离海有点点远，很干净，不能加床，我们是国庆去的，平时去住就是120元的，国庆320元,2018-12-11,标准双人房
1011,茂名,茂名南越印象岭南文化主题酒店火车站店,2018-12-12,很有格调哦，房间空间比较大，床也舒服,2018-12-12,精品大床房
1012,茂名,茂名南越印象岭南文化主题酒店火车站店,2018-12-13,环境好 服务好，外卖前台给送房间。很贴心的服务哦。,2018-12-13,精品大床房
1013,茂名,茂名卓钰精品酒店,2018-12-14,早餐附近很方便，加床不清楚可以直接致电酒店，酒店位置还可以，附近有吃的还有个大商场,2018-12-14,豪华单人房
1014,茂名,化州汇嘉大酒店,2018-12-15,前台人员随意挂断电话。大冬天的，被子不够厚，被冷到感冒。,2018-12-15,特惠单人间
1015,茂名,茂名诚荟酒店,2018-12-16,还可以，比七天好,2018-12-16,豪华大床房
1016,茂名,茂名海云雁酒店,2018-12-17,卫生环境房间都很满意，停车方便,2018-12-17,高级双人房
1017,茂名,茂名威利国际酒店,2018-12-18,位置中心，吃饭方便，服务态度很好，早餐可以,2018-12-18,豪华大床房
1018,茂名,茂名柏丽酒店,2018-12-19,酒店环境卫生不错，服务态度很好,2018-12-19,豪华单人房
1019,茂名,城市便捷酒店(茂名学府店),2018-12-20,酒店位于大学附近，房间设施齐全，房间宽敞明亮，干净整洁，早餐丰盛，饭菜美味可口，酒店工作人员服务态度非常好，,2018-12-20,商务单人间
1020,茂名,茂名南越印象岭南文化主题酒店火车站店,2018-12-21,性价比超高，服务也很好，地段优越，离茂名石化办公楼很近,2018-12-21,精品大床房
1021,茂名,城市便捷酒店(茂名学府店),2018-12-22,性价比较高，还是想去的。,2018-12-22,特价商务双人房
1022,茂名,茂名观海楼假日酒店,2018-12-23,非常美好的一次出行，酒店环境优美，服务热情，早餐赞  族行好去处，下次有机会还会再来,2018-12-23,豪华舒适双床间
1023,茂名,茂名永利之家,2018-12-24,房间太小了，空调还漏水，唉:-(,2018-12-24,标准单人间
1024,茂名,茂名国际大酒店,2018-12-25,早餐还可以，不太适合我的口味，加不了床，双床是1.3米的很宽了，跟孩子睡没问题，酒店位置市中心，购物吃饭很方便，还能免费停车。,2018-12-25,豪华双人房
1025,茂名,茂名海豚酒店,2018-12-26,周边环境比较乱，离中国第一滩有七八百米远。服务人员也不是很热情。设施一般，比较陈旧。其实可选离海滩更近的位置更好的酒店。,2018-12-26,标准单人房
1026,茂名,尚客优连锁酒店(茂名高铁火车站店),2018-12-27,已经是第二次入住茂名这家酒店了，感觉和上次一样，基本保持了原来的服务水平，不错。酒店位置在闹市区附近，有自己的地下停车场。,2018-12-27,特惠房
1027,茂名,茂名红金鼎商务宾馆,2018-12-28,很不错的酒店，环境不错，很安静，关键是服务态度很好，出门过了天桥过去就是茂名中心广场，还可以去休闲娱乐,2018-12-28,高级双人房
1028,茂名,维也纳国际酒店(茂名高铁火车站店),2018-12-29,這次出行全部選擇維也納酒店，這個品牌的酒店真的很好，設施很好很新，雖然是全國連鎖酒店，但品質真的很好！也很安靜，沒有嘈雜聲，住的也很舒服，枕頭床舖都很適合人體工學！早餐也很給力！窗戶可以打開一點來通風！唯一不足的是酒店沒有區分吸煙房和無菸房，房間煙味太大了，雖然已經開了窗戶通風,2018-12-29,标准大床房
1029,茂名,卓越酒店(茂名万达广场店),2018-12-30,性价比不错,2018-12-30,卓怡双床房
1030,茂名,茂名好来登商务酒店,2018-12-31,性价比高，位置还好找，干净卫生,2018-12-31,豪华单人房
1031,茂名,茂名观海楼假日酒店,2019-01-01,酒店开窗即可见大海，下楼几步就是中国第一滩，停车方便，周边海鲜大排档很多，价格相对实惠便宜，品种丰富，适合休闲度假,2019-01-01,无敌海景大床房
1032,茂名,52连锁酒店(化州店),2019-01-02,酒店装饰很温馨，店员也很热情，位置正市中心，方便快捷，遇到一些小事故，店员配合很好，性价比很高的酒店,2019-01-02,轻心单人房（独立WIFI）
1033,茂名,轻住悦享酒店(茂名高铁南站店),2019-01-03,酒店设施一般，卫生干净，酒店位置出入停车方便,2019-01-03,特价单人房
1034,茂名,卓越酒店(茂名万达广场店),2019-01-04,开开心心回家喝,2019-01-04,卓怡大床房
1035,茂名,茂名熹龙国际大酒店,2019-01-05,茂名熹龙国际酒店地理位置不错就在人民广场附近，交通便利茂名高铁站步行11分钟左右，酒店装修典雅环境舒适前台服务不错入住办理快捷，房间空间较大装修豪华，洗漱用品不错，隔音效果不错安静，早餐味道不错品种较少，价格比较实惠，性价比不错,2019-01-05,高级双床房
1036,茂名,维也纳国际酒店(茂名万达广场店),2019-01-06,强烈推荐！不错的酒店,2019-01-06,标准大床房
1037,茂名,城市便捷酒店(茂名学府店),2019-01-07,石油化工学校隔壁，我觉得挺不错的，房间不会特别小，就是靠近公路边可能会有点吵，其他没什么问题，体验感还是相当好的,2019-01-07,特价商务单人房
1038,茂名,茂名柏丽酒店,2019-01-08,环境不错，也很卫生，睡得比较舒服,2019-01-08,豪华单人房
1039,茂名,茂名柏丽酒店,2019-01-09,还行吧，整体不错，房间很干净，环境好，性价比可以的，被子也很蓬松，卫生好……推荐入住……地理位置好。,2019-01-09,豪华单人房
1040,茂名,卓越酒店(茂名万达广场店),2019-01-10,物美价廉！,2019-01-10,卓怡大床房
1041,茂名,卓越酒店(茂名万达广场店),2019-01-11,环境好，安静，设备也OK,2019-01-11,卓遇大床房
1042,茂名,茂名文汇酒店,2019-01-12,房间宽大干净卫生，地处市中心但夜里休息十分安静，自助早餐近二十个品种够丰富，在消毒车备用的餐具还带有余温，卫生彻底放心，服务热情还送了水果，200元左右性价比超高！值得再过入住和推荐。,2019-01-12,特惠双床房
1043,茂名,茂名南越印象岭南文化主题酒店火车站店,2019-01-13,非常好，满意！卫生干净，被子，毛巾等都放心使用，床也舒适柔软，隔音也好哦，连续入穿还有小吃，贴心，第二次入住了。入住回头率百分百哈,2019-01-13,精品大床房
1044,茂名,茂名卓钰精品酒店,2019-01-14,高大上，舒服。,2019-01-14,豪华单人房
1045,茂名,城市便捷酒店(茂名学府店),2019-01-15,酒店附近吃饭的餐厅多菜品很不错，早餐也很丰富，品种较多，味道也挺不错的。酒店的位置非常好，出行十分方便，酒店还可以代叫出租车，周围有公交车站。,2019-01-15,商务单人间
1046,茂名,52连锁酒店(化州店),2019-01-16,各方面都不错。02服务员的态度真心不错。,2019-01-16,轻心小屋（独立WIFI）
1047,茂名,茂名大龙湾酒店,2019-01-17,酒店门口和景区门口相遥可见，忘记拍照片了，酒店的设施蛮齐全的，老板人特别好。满星好评。,2019-01-17,标准单人房
1048,茂名,茂名威利国际酒店,2019-01-18,酒店位置很好，离茂名站以及人民广场都很近。周边餐饮很多，很方便。住在不临街的一面，很安静。早餐品种不算多，但有当地特色。房间饮品稍简单，酒店服务还是很好。,2019-01-18,豪华大床房
1049,茂名,茂名华燕宾馆,2019-01-19,酒店地处繁华地段，有地下停车场，房间很宽敞，干净卫生，免费早餐也不错，唯一的不足之处是电梯经常处于维修状态无法使用，有大件行李的话请慎重考虑！,2019-01-19,豪华三人间
1050,茂名,52连锁酒店(化州店),2019-01-20,已经是老顾客了，每一次都不让我失望，服务很热情，最喜欢房间的布置了，价格也实惠，祝老板生意兴隆。,2019-01-20,轻心小屋（独立WIFI）
1051,茂名,维也纳3好酒店(茂名沿江大厦店),2019-01-21,酒店干净卫生，服务规范热情，设施也较齐备好用，特别提出的是服务很热情周到，提出称赞的是酒店保安人员特别细心认真，我的车才停下不久一位性李的保安就发现我的车有漏机油现象，很快就通知了我，使得能很快得以维修，避免了车在路上出大的麻烦，也让我们特别感动，在此特别感谢茂名市维纳斯3好酒店的所有服务人员！谢谢！,2019-01-21,豪华双床房
1052,茂名,城市便捷酒店(茂名学府店),2019-01-22,服务态度非常好，环境非常好，赞,2019-01-22,特价商务单人房
1053,茂名,化州汇嘉大酒店,2019-01-23,还不错，房间大，就是自己不习惯酒店的暗黄灯光，一切都好。,2019-01-23,豪华江景情侣房
1054,茂名,茂名华燕宾馆,2019-01-24,早餐还不错，吃得饱。只是拉窗帘要注意，下面那个布那里是不是靠着杯子，不注意一拉，杯子就掉了，就要赔钱了！！里面啥啥都要钱，看清楚在使用！,2019-01-24,豪华商务房
1055,茂名,精途酒店(茂名高铁火车站店),2019-01-25,早餐还可以，旁边有条火车轨道，虽然深夜没火车但是白天到夜晚偶尔会有火车经过,2019-01-25,标准大床房
1056,茂名,维也纳国际酒店(茂名高铁火车站店),2019-01-26,定双人房，前台接待看见抱孩子就给免费升级亲子房，前台人员态度很好，有亲和力，是培训过的专业人士。房间设施不错，下次经过茂名还会去。,2019-01-26,商务双床房
1057,茂名,茂名荔晶大酒店,2019-01-27,早餐不错，吃得蛮好，9:30去吃，午饭都可以省了,2019-01-27,商务房
1058,茂名,茂名柏丽酒店,2019-01-28,酒店设施好，性价比高，只是在修路，找的麻烦点。,2019-01-28,商务双人房
1059,茂名,茂名诚荟酒店,2019-01-29,环境不错的,2019-01-29,豪华双人房
1060,茂名,维也纳国际酒店(茂名电白店),2019-01-30,环境不错，挺干净卫生的，客服也热情，很舒适 早餐是赠送的，还不错,2019-01-30,豪华大床房
1061,茂名,维也纳国际酒店(茂名电白店),2019-01-31,家乡的一家酒店，各方面都较维也纳的品牌品质，满意！二楼中餐是卡座的，如果是中式圆桌就好了。停车场是该酒店的亮点，这价格开心,2019-01-31,豪华双床房
1062,茂名,卓越酒店(茂名万达广场店),2019-02-01,水东唯一现代装修风格漂亮的酒店,2019-02-01,卓遇大床房
1063,茂名,茂名国际大酒店,2019-02-02,我们带着两个孩子入住的，熊孩子到了酒店很兴奋，把房间弄的很乱，晚上出去吃饭回来的时候，意外的是房间收拾的很干净，还贴心的给我们留了开水，特别感动！房间的热水很快也够颈！自助早餐也意外的没收孩子的餐费，自助餐也蛮丰富的。酒店位于市中心，交通便利，购物和孩子游玩也挺方便！是一次满意愉悦的旅行！,2019-02-02,豪华双人房
1064,茂名,茂名国际大酒店,2019-02-03,差差差，除了工作人员服务5星，最多3星。酒店啥都要钱 ，泳池水都没有，没有健身房，行政房洗澡漏水。难以吐槽,2019-02-03,行政商务双床房
1065,茂名,茂名万达广场雅斯特国际酒店,2019-02-04,还好。比较舒适。交通方便！,2019-02-04,豪华单人房
1066,茂名,维也纳国际酒店(茂名高铁火车站店),2019-02-05,酒店不错，干净，装修也比较新，其豪华程度可以看看这大堂！房间比较大，尤其是3人间，亲子游，性价比很高！早餐是送的，品种繁多，味道不错！房间,2019-02-05,豪华家庭双人房
1067,茂名,茂名华燕宾馆,2019-02-06,一开始房间烟味很重，跟前台说后马上换了无烟房，酒店比较正规，还不错,2019-02-06,标准单人房
1068,茂名,茂名观海楼假日酒店,2019-02-07,房间没问题，就是整个五楼都没有网络，房间也特别大，住着舒服。,2019-02-07,豪华套房
1069,茂名,茂名观海楼假日酒店,2019-02-08,有停车场，离海特别近，就是早餐太简单了，包子馒头咸菜，屋里很潮，隔音效果特别差，,2019-02-08,无敌海景双床房
1070,茂名,茂名国际大酒店,2019-02-09,房间整洁、窗户采光都非常棒，向酒店提出的衣服烘干要求，服务员也非常乐意，面带笑容，服务质量不错。我比较喜欢花草，空中花园质量不高，植株管理不是很好，自带双人早餐选择好丰富，满足我胃口，总体不错。,2019-02-09,豪华大床房
1071,茂名,华海酒店(茂名高铁站店),2019-02-10,早餐还可以，所以没给最低分。订房时没有注意酒店的五楼六楼是KTV！真的吵死了，躺在床上共振，一直吵到深夜一点半，和服务台通话，并告知要打110。后来终于睡着了不敢在去了,2019-02-10,豪华双床房
1072,茂名,茂名观海楼假日酒店,2019-02-11,很不爽的是，定的海景套房？来的居然只能一个窗角看到的海，是我理解错了吗？其他设备都一般,2019-02-11,家庭海景套房
1073,茂名,星悦酒店(茂名文化广场店),2019-02-12,有停车场，位置不错，周边购物饮食方便。但是床头没有电源插座！酒店说不给，还一本正经地说是考虑安全！然后叫客户自己出去买排插,2019-02-12,标准双人房
1074,茂名,茂名海豚酒店,2019-02-13,物超所值，位置好，停车方便且免费，服务态度好，热水足，WiFi信号强。附近餐厅多，价格公道。到海边仅几百米。,2019-02-13,标准双人房
1075,茂名,茂名国际大酒店,2019-02-14,已经几次入住茂名国际酒店，这次前台免费帮我们升级行政豪华房，房间超大，很不错。九点去吃早餐，感觉品种比以前少了，没有以前那么丰富了。但酒店的地理位置很优越，停车也很方便。,2019-02-14,豪华双人房
1076,茂名,维也纳国际酒店(茂名万达广场店),2019-02-15,非常不错，房间超大，各种设施齐全，卫生间和床铺都很干净，早餐也不错，值得推荐。下次来茂名还住这家酒店。,2019-02-15,豪华双床房
1077,茂名,茂名南越印象岭南文化主题酒店火车站店,2019-02-16,很满意，各方面都没什么好挑剔的。位置好，设施新，智能马桶，设计好，早餐品种不多但味道好。周边也很方便。,2019-02-16,行政双人间
1078,茂名,茂名国际大酒店,2019-02-17,酒店在市中心，位置非常好。停车也方便，停车场地方多啊。早餐很丰盛，食物样式很丰富，尤其是面点，做得很用心很精致，味道也超好，小朋友非常喜欢。 建议开设多床的亲子房，像我这样带两个6、7岁的小朋友就有点尴尬，开双床房拼床都不够地方睡。,2019-02-17,豪华双人房
1079,茂名,Q加·茂名大喜假日酒店,2019-02-18,设备齐全，酒店环境好，非常喜欢,2019-02-18,商务标准双人房
1080,茂名,维也纳国际酒店(茂名万达广场店),2019-02-19,有地下停车场。酒店就在路边。好在车不多 噪音不大。早餐需要給好评才有 这一点儿不太好。。酒店离正在建的万达比较远。离中心区也比较远。虽然是行政房 但在装饰装修方面 档次和品味不高 房间价格偏高。,2019-02-19,行政大床房
1081,茂名,城市便捷酒店(茂名学府店),2019-02-20,一般般，性价比还可以。房间很小。不过比较卫生。出差商务可以考虑。,2019-02-20,金墩双人间(无窗)
1082,茂名,茂名卓钰精品酒店,2019-02-21,洗手间异味很重，要求换房，却推辞说没房…,2019-02-21,豪华单人房
1083,茂名,茂名观海楼假日酒店,2019-02-22,第一滩唯一最好的酒店，预订的海景房，阳台上直接看海，玲听大海声音。沙滩是见过的最大的沙滩。以后夏天在去。,2019-02-22,无敌海景双床房
1084,茂名,茂名宏悦大酒店,2019-02-23,整体感觉非常好，性价比超高,2019-02-23,豪华大床房
1085,茂名,化州汇嘉大酒店,2019-02-24,没有地方洗衣服，没有洗衣液。,2019-02-24,豪华江景情侣房
1086,茂名,茂名永利之家,2019-02-25,感觉还是不错的，价格还算合理，环境比较安静，有上网的电视，空调，热水器这些都有，也有凉衣服的地方，总体来说还是不错的！,2019-02-25,标准单人间
1087,茂名,茂名柏丽酒店,2019-02-26,不能加床，环境还是挺好的，楼下还有一间一茶一点，可以去喝茶，还有一家药店在附近，非常之方便，非常的好，值得奖励,2019-02-26,豪华单人房
1088,茂名,Q加·茂名大喜假日酒店,2019-02-27,住了这么多年酒店，第一次给差评，实在是受不了！在水东160多的房价，就这设备，门锁是坏的，出一次门回来要开20分钟，设备老久，我从来都没给过差评，本来也就忍了，早上刷牙发现牙刷，什么的都没有，最搞笑的房间里的电话你是不能拨打给前台的，哈哈真牛，我穿条裤衩从7楼跑下1楼找你要是吗？,2019-02-27,豪华商务房
1089,茂名,唐华商务酒店(茂名高铁火车站店),2019-03-01,感觉还算可以吧！,2019-03-01,标准双床房B
1090,茂名,卓越酒店(茂名万达广场店),2019-03-02,nice 可以,2019-03-02,卓见大床房
1091,茂名,Q加·茂名大喜假日酒店,2019-03-03,服务态度好，酒店设施好，环境好。,2019-03-03,豪华蜜月房
1092,茂名,化州铭丰假日酒店,2019-03-04,位置比较好的，就是床硬了点,2019-03-04,特惠房
1093,茂名,维也纳国际酒店(茂名万达广场店),2019-03-05,环境不错往着也舒服，出差不错的选择好,2019-03-05,豪华双床房
1094,茂名,城市便捷酒店(茂名学府店),2019-03-06,酒店位置比邻油校和大超市，购物和逛校园重温大学时光都超级好,2019-03-06,金墩双人间(无窗)
1095,茂名,维也纳国际酒店(茂名万达广场店),2019-03-07,环境可以 ，床真的好软\()/服务真的周到。哈哈哈，是第二次出差入住了，再来出差宿考虑再次入住。,2019-03-07,豪华大床房
1096,茂名,维也纳国际酒店(茂名万达广场店),2019-03-08,很安静，性价比高。岀差的不二选择，周围交通也很方便！,2019-03-08,标准大床房
1097,茂名,精途酒店(茂名高铁火车站店),2019-03-09,还不错啊！,2019-03-09,标准大床房
1098,茂名,维也纳国际酒店(茂名万达广场店),2019-03-10,地下有免费停车场，很方便，很舒适，很安静。,2019-03-10,豪华双床房
1099,茂名,维也纳国际酒店(茂名万达广场店),2019-03-11,酒店还很新，第二次入住了。早餐比较简单，但足够吃饱。平时入住性价比还是比较高的。周围很多大排档。。。,2019-03-11,标准大床房
1100,茂名,维也纳国际酒店(茂名万达广场店),2019-03-12,该酒店很不错，房间比较大，舒适时尚，可以选择。,2019-03-12,豪华双床房
1101,茂名,Q加·茂名大喜假日酒店,2019-03-13,房间较大不过灯光不是很足，没有早餐，周边吃的很多，楼下有超市，有地方停车，网络不是很好，性价比还行。,2019-03-13,商务标准双人房
1102,茂名,茂名南越印象岭南文化主题酒店火车站店,2019-03-14,酒店还是一如既往的温馨，前台服务人员很热情，友好，更像家人一样，记得那天晚饭酒喝多了，经过前台，前台的妹子大概也认出我了，问我是否需要蜂蜜水解酒，我说有的话就最好，我还寻思着去哪里找一点解酒的东西，无形是雪中送炭了，回到房间刚关好房门，服务很迅速，蜂蜜水马上就来了，非常感动。洞察力太好了，非常人性化，起码在其他酒店是从来没有体验过的服务，前台的管理水平太好了，这里像家一样好。,2019-03-14,精品大床房
1103,茂名,茂名诚荟酒店,2019-03-15,隔音很差，卫生还是可以的,2019-03-15,豪华双人房
1104,茂名,维也纳3好酒店(茂名沿江大厦店),2019-03-16,前台服务亲切，给升级了套房，可以正面观赏喷泉。 睡眠环境安静，大床柔软舒适。 前台还额外赠送了早餐，品种不是特别多，但是也足够了。 一次愉快的入住体验。,2019-03-16,江景大床房
1105,茂名,城市便捷酒店(茂名学府店),2019-03-17,环境优美，地理位置好，交通方便，房间舒适卫生，服务人员很热情，乐于提供各种帮助，早餐丰富。设施很人性化，网络高速信号好，窗外风景好。有特别的开床服务，房间小摆件的设计也很有特色。性价比不错，下次还要入住,2019-03-17,标准双人间
1106,茂名,茂名南越印象岭南文化主题酒店火车站店,2019-03-18,很有特色的一家酒店，设计和摆设都是南越文明风格，进入酒店大堂就有一股幽香，古老物品的陈设很有亲切感，里面就是樊登书会，在大堂的沙发上就能随手拿到一本书阅读，文化气息很浓厚，房间用品的配备和摆设都很用心细致，性价比不错，干净安全，位置在繁华路段，但房间里面也很安静，对面就是文化广场，周边吃饭娱乐都很方便，很适合休息度假。,2019-03-18,行政双人间
1107,茂名,维也纳国际酒店(茂名万达广场店),2019-03-19,早餐要7:30开始，我们赶路没有来得及吃，停车非常方便。,2019-03-19,豪华双床房
1108,茂名,茂名华燕宾馆,2019-03-20,简直惊喜，百元可以住到豪华房，房间干净宽敞明亮，装饰配色也很喜欢，一打开门心情都变好了，还包早餐，是我住过性价比最高的了,2019-03-20,豪华单人房
1109,茂名,维也纳国际酒店(茂名万达广场店),2019-03-21,酒店环境很舒适，房间的舒适度也很高，服务态度非常好，总体感觉都不错！以后出差过来的话就订这了，棒棒哒！,2019-03-21,豪华大床房
1110,茂名,茂名海云雁酒店,2019-03-22,酒店有停车场，酒店附近有个海滩，可以带孩子一起玩，家庭出游，朋友出游都特别赞！ 酒店附近也有很多餐厅，可以吃海鲜，性价比也还可以。,2019-03-22,高级双人房
1111,茂名,茂名卓钰精品酒店,2019-03-23,中规中矩，还算可以。但附近超多吃的，,2019-03-23,豪华双人房
1112,茂名,茂名国际大酒店,2019-03-24,酒店地理位置优越，出行方便，服务周到，前台服务小妹推荐的附近歺厅非常好吃。自驾有免费停车场。早岁比较丰富。,2019-03-24,豪华双人房
1113,茂名,茂名国际大酒店,2019-03-25,位于茂名市中心区，广百百货楼上，周边环境好，吃饭逛街都十分方便。房间宽敞舒适，床品、拖鞋舒适感佳，冲凉热水出水量大。服务态度一流，前台帅哥见我们第一次入住还带着个大小孩，主动帮忙升级了房型；大堂有专人服务，递茶水、按电梯，服务很到位！非常好的入住体验，必须狠狠地赞！,2019-03-25,豪华双人房
1114,茂名,茂名诚荟酒店,2019-03-26,这是第四次入住吧，价格便宜又干净卫生,2019-03-26,豪华大床房
1115,茂名,茂名熹龙国际大酒店,2019-03-27,环境不错，下楼就是人民广场。房间内布置也很好，服务态度超级棒，交通非常便利，5星好评，下次还来住。,2019-03-27,高级双床房
1116,茂名,茂名温德姆至尊酒店,2019-03-28,离高铁站八九分钟车程，旁边是商业中心，吃饭看电影很方便。免费升到行政房，房间很大，还可以泡个养生澡，很新的酒店，前台服务人员专业热情，颜值高。,2019-03-28,豪华大床房
1117,茂名,茂名荔晶大酒店,2019-03-29,位置优越，在市区中心，交通方便,2019-03-29,豪华房
1118,茂名,城市便捷酒店(茂名学府店),2019-03-30,挺棒的，卫生不错，东西挺齐全的，而且隔音效果不错,2019-03-30,精选大床房
1119,茂名,维也纳国际酒店(茂名电白店),2019-03-31,都挺好的.。床和枕头都是很舒服的。乳胶床垫。和荞麦枕乳胶枕。感觉很不错。但是行政房跟豪华房差不多。就是浴室大一点。性价比不错。早餐丰富。是本地人的早餐。前台接待服务也比较周到。外面就是酒吧一条街。适合旅游和回家探亲。下次还会再来的。。,2019-03-31,标准单人房(无窗)
1120,茂名,茂名南越印象岭南文化主题酒店火车站店,2019-04-01,环境特别好，服务也很好，卫生挺好的，附近有24小时便利店，旁边有小吃街等等，交通也方便快捷,2019-04-01,精品大床房
1121,茂名,城市便捷酒店(茂名学府店),2019-04-02,一进房间就有股味道，住的那两天下雨，略湿，房间不大，离学校很近是唯一的优点,2019-04-02,商务单人间
1122,茂名,维也纳国际酒店(茂名高铁火车站店),2019-04-03,位置好，停车方便，早餐也不错，性价比比较高！位置好，停车方便，早餐也不错，性价比比较高！卫生也比较干净！,2019-04-03,标准大床房
1123,茂名,茂名荔晶大酒店,2019-04-04,酒店位置很不错，旁边是河东市场，二楼有购物中心，买点小吃水果很方便,2019-04-04,豪华房
1124,茂名,茂名国际大酒店,2019-04-05,春节帮同事预定的，很满意，周边环境好，吃饭逛逛都挺好，大堂有专人服务，服务很周末，非常好的入住体验。挺好。,2019-04-05,豪华双人房
1125,茂名,茂名海豚酒店,2019-04-06,环境好然后老板服务态度也好，物美价廉,2019-04-06,标准双人房
1126,茂名,茂名好来登商务酒店,2019-04-07,卫生方便性价比很好，房间大,2019-04-07,豪华单人房
1127,茂名,茂名南越印象岭南文化主题酒店火车站店,2019-04-08,交通便利，停车方便，饮食有特色，行街有地方，干净又整洁，设施很舒适，住得很满意。,2019-04-08,南越行政大床房
1128,茂名,如家酒店·neo(茂名高铁火车站店),2019-04-09,交通方便，离车站也很近,2019-04-09,大床房
1129,茂名,茂名国际大酒店,2019-04-10,看网评选择的这家酒店，真心觉得不错！虽然设备不算新，但保养很干净，前台工作人员很热情。值得推荐！！,2019-04-10,豪华双人房
1130,茂名,维也纳国际酒店(茂名万达广场店),2019-04-11,非常好的一个酒店，大堂给人感觉很温馨，很温暖，前台服务员也很亲切，房间的设施设备在电白来说相对是非常好的，酒店对面就是一个汽车站，坐车还挺方便的，吃饭的话，酒店旁边还有个海鲜城可以吃饭，早餐很给力，菜品有十多种，问有没有早餐，他们前台人员都会给我们赠送，在这里找到了家一样的感觉，我们需要晾衣服，放在房子里面怕不干，然后通知了前台，前台又帮我们解决帮我们拿出去晾，性价比很高的一个酒店，推荐！！,2019-04-11,豪华大床房
1131,茂名,茂名柏丽酒店,2019-04-12,酒店早餐和周边早餐都挺方便,2019-04-12,商务双人房
1132,茂名,茂名万达广场雅斯特国际酒店,2019-04-13,房价不包含早餐，可以到二楼吃早茶。,2019-04-13,豪华单人房
1133,茂名,城市便捷酒店(茂名学府店),2019-04-14,酒店地理位置不错，离汽车站火车站都挺近的,2019-04-14,特价商务单人房
1134,茂名,城市便捷酒店(茂名学府店),2019-04-15,酒店位置很棒，房间很不错挺干净的，总体感觉很棒哈哈哈,2019-04-15,金墩大床房
1135,茂名,茂名海豚酒店,2019-04-16,环境挺好的，服务态度不错,2019-04-16,标准单人房
1136,茂名,茂名国际大酒店,2019-04-17,地理位置城区中心，环境干净舒适。早餐广东口味，不错！停车场方便，车位多。房间有果盘送，很贴心。前台办入住时有茶水送。,2019-04-17,豪华双人房
1137,茂名,维也纳国际酒店(茂名万达广场店),2019-04-18,茂名出差，看着也不远，就直接过来了，酒店很新，前台接待免费升级行政房。比茂名便宜很多，送了免费早餐，推荐！,2019-04-18,豪华大床房
1138,茂名,维也纳国际酒店(茂名万达广场店),2019-04-19,酒店环境可以，万达还没有开，周边有吃饭的地方，打车也很方便。有停车场，很适合自驾的朋友。楼下有足疗，没有尝试。,2019-04-19,豪华双床房
1139,茂名,维也纳3好酒店(茂名沿江大厦店),2019-04-20,酒店位置不错，在房间就可以看到江心的音乐喷泉，还是很震撼的。出行也方便，只是周边没有大型超市，小吃店也不是很多。,2019-04-20,江景大床房
1140,茂名,茂名途遇精品酒店,2019-04-21,还不错，房间挺精致的,2019-04-21,特色主题房
1141,茂名,茂名零六六八公寓,2019-04-22,有点远，买东西不方便,2019-04-22,普通单人房
1142,茂名,Q加·茂名大喜假日酒店,2019-04-23,干净卫生，优雅舒适！,2019-04-23,蜜月房
1143,茂名,维也纳国际酒店(茂名万达广场店),2019-04-24,房间很宽，床单被套都很新，洗手间也很干净，住得很舒服，服务员的服务态度也不错，物超所值，下次出游还会选维也纳酒店,2019-04-24,豪华大床房
1144,茂名,城市便捷酒店(茂名学府店),2019-04-25,还可以就是不能选房间,2019-04-25,金墩双人间(无窗)
1145,茂名,茂名华燕宾馆,2019-04-26,酒店干净，设施齐全，位置中心，赞,2019-04-26,豪华单人房
1146,茂名,维也纳国际酒店(茂名万达广场店),2019-04-27,早餐的品种少了点，但能吃饱，服务员的态度不错，房间干净，卫生做的也很干净，前台的工作人员也挺热情，到了每一个城市，我都选择入住维也纳酒店。,2019-04-27,豪华双床房
1147,茂名,茂名栈泉酒店,2019-04-28,卫生打扫的非常干净热情服务效率高,2019-04-28,标准大床房
1148,茂名,城市便捷酒店(茂名学府店),2019-04-29,离学校近，出差，环境可以,2019-04-29,金墩大床房
1149,茂名,茂名国际大酒店,2019-04-30,酒店的早餐不错，中西合璧，房间比较大，就是位于市中心，老牌五星酒店，中规中矩，服务好，有自己的停车场停车方便。,2019-04-30,豪华大床房
1150,茂名,茂名国际大酒店,2019-05-01,我们去海边玩，路过茂名市区，超级大的房间。干净卫生，值得推荐。,2019-05-01,豪华双人房
1151,茂名,尚客优连锁酒店(茂名高铁火车站店),2019-05-02,环境很好，干净卫生，因为特惠房没有了大床，只有双床，服务员还送了我一张早餐卷,2019-05-02,特惠房
1152,茂名,维也纳国际酒店(茂名万达广场店),2019-05-03,可以说是体验非常好了，房间很大，也没有异味，前台小姐姐人漂亮态度也非常的好，离酒店不远有个电海中学，学校后门那里有条小吃街，炒鸡多好吃的，下次还去那边游玩的话估计我还是会选择这家。,2019-05-03,标准大床房
1153,茂名,茂名观海楼假日酒店,2019-05-04,定的是海景房，位置超赞的，一出阳台就能看见无敌海景，感受海风拂面，而且价格也很实惠，有可能是旅游淡季的原因吧。,2019-05-04,无敌海景双床房
1154,茂名,城市便捷酒店(茂名学府店),2019-05-05,早上隔壁小孩太吵了，扰人清梦。隔音效果不是挺好。电视差评，里面能完整播放的电影不多，电视没有VIP。,2019-05-05,金墩双人间(无窗)
1155,茂名,茂名海豚酒店,2019-05-06,第一滩的水挺清的，沙子也细，美中不足就是垃圾清理不及时，塑料袋很多。如果茂名可以组织一些清理垃圾保护海滩的活动就好了,2019-05-06,标准单人房
1156,茂名,维也纳国际酒店(茂名万达广场店),2019-05-07,地理位置方便，酒店很新设施齐全,2019-05-07,豪华大床房
1157,茂名,维也纳国际酒店(茂名高铁火车站店),2019-05-08,酒店位置在市中心地带，汽车客运站、动车站近在咫尺，交通出行很方便，房间环境舒适，整洁干净，早餐品种多，下次还选择维也纳酒店。,2019-05-08,商务双床房
1158,茂名,茂名国际大酒店,2019-05-09,第一次入住，服务出乎意料地好。在前台办理入住等候的时候，大堂服务员会拿茶过来。入住后，因为房间临街晚间施工，打电话询问前台会施工到几点，其实道路施工不是酒店的问题，但酒店直接升级了套房并安排了面向停车场一侧的房间，晚上就比较安静。另外套房有功夫茶具，茶叶另外收费，作为广东人试了其中一款，茶叶价格挺合理的。早餐还有粤西特色的捞粉。要说有什么需要改进的就是我房间床头一排的插座都坏了，酒店可能没有检查，入住期间手机都放在了洗手间充电。整体瑕不掩瑜，以后去茂名就住这家了。,2019-05-09,豪华双人房
1159,茂名,茂名荔晶大酒店,2019-05-10,价格挺优惠了，房间面积够大，位置属于中心区域，有配套停车场，早餐不算太丰盛，也足够满足要求，下次还会选择这里。,2019-05-10,豪华房
1160,茂名,维也纳国际酒店(茂名高铁火车站店),2019-05-11,商务出差，要在茂名站附近住宿的话，这里算不错，一是环境与卫生还不错，关键是厕所够干净，然后没有异味，二是过去茂名站也很方便，楼下有影城、好吃哒还有便利店，不需要走很远,2019-05-11,商务大床房
1161,茂名,茂名海云雁酒店,2019-05-12,总体可以 干净 性价比很合理 海边的酒店 不错了，就是房间的冲凉的水时冷时热难以调教 不知道为什么。,2019-05-12,高级双人房
1162,茂名,茂名红金鼎商务宾馆,2019-05-13,还行，性价比高。。。。。。,2019-05-13,高级单人房(带电脑)
1163,茂名,茂名南越印象岭南文化主题酒店火车站店,2019-05-14,不错的酒店，装修风格很有特色。地处茂名市中心周边饮食很方便。,2019-05-14,精品大床房
1164,茂名,茂名国际大酒店,2019-05-15,1：晚上七点多到店，前台一个女服务员先开了859房.刚准备接房卡，旁边一个男的（可能是领班吧）不知想什么叫开房的服务员收回，该女前台说859房马桶坏了，换826房吧，看到我不开心，这个男的服务员过来解释，说859的镜灯坏了，所以换房灬可笑不，今后麻烦你们二人统一口径，这样让客人也舒服点！上了楼，问一下楼层的服务员，说859房大点安静点灬真无滘！ 2：卫生间淋浴房竞然墙上有头发，见图片灬大倒胃口,2019-05-15,豪华双人房
1165,茂名,茂名名晟宾馆,2019-05-16,酒店附近吃饭的餐厅多菜品很不错，早餐也很丰富，品种较多，味道也挺不错的。酒店的位置非常好，出行十分方便，酒店还可以代叫出租车，周围有公交车站。,2019-05-16,豪华单人房
1166,茂名,茂名柏丽酒店,2019-05-17,周边环境很棒，不吵闹，房间超级大，卫生也做得很好，前台接待人员态度很好，也有耐心。下次住酒店还会来。,2019-05-17,豪华双人房
1167,茂名,茂名华燕宾馆,2019-05-18,服务五星，还有早餐吃。,2019-05-18,标准双人房
1168,茂名,茂名观海楼假日酒店,2019-05-19,酒店环境好，在海边，免费停车能省30元！ 房间质量还好，价格低。值得入手。听海房在2楼，有树档住，不能看海。值得再订。,2019-05-19,听海景观双床间
1169,茂名,维也纳国际酒店(茂名万达广场店),2019-05-20,必须好评！很新的酒店，房间很大，床品也很舒服！最想给好评的是酒店的员工！退房后几个小时才想起来结婚的钻戒忘记拿了，赶紧打电话前台，打扫卫生的阿姨拾金不昧！非常感谢！戒指的价值不论，最主要的是这个戒指对于我的意义！真的非常感谢！以后还会选择订此品牌的酒店，第一次印象太好了！请贵酒店一定表彰下这位拾金不昧的阿姨！,2019-05-20,豪华双床房
1170,茂名,维也纳国际酒店(茂名万达广场店),2019-05-21,卫生整洁，房间舒适，早餐丰富。,2019-05-21,标准大床房
1171,茂名,精途酒店(茂名高铁火车站店),2019-05-22,每次出差基本都要找下有无精途酒店，比7天好多，干净卫生,2019-05-22,标准大床房
1172,茂名,精途酒店(茂名高铁火车站店),2019-05-23,已经是第三次去住了，酒店的价格很实惠，离市中心也很近，房间里面的卫生也很好很干净，设施也很齐全，很推荐这家酒店！,2019-05-23,商务大床房
1173,茂名,茂名华燕宾馆,2019-05-24,酒店提供免费早餐 自助洗衣 停车 很好。,2019-05-24,标准双人房
1174,茂名,茂名荔晶大酒店,2019-05-25,非常不错，价钱优惠，环境干净！！！,2019-05-25,豪华房
1175,茂名,茂名国际大酒店,2019-05-26,干净整洁，硬件设施不错，服务周到！安静，舒适，超大床很舒服，办公也方便！早茶时间人气挺旺的，餐厅工作人员都很奈斯！以后来茂名，国际是首选！,2019-05-26,高级大床房
1176,茂名,维也纳国际酒店(茂名高铁火车站店),2019-05-27,有早餐，非常丰富，酒店位置好，停车方便，夜晚饮茶也非常方便，就在隔壁。服务员服务态度超好，是第二次住该酒店，每次都三天以上。,2019-05-27,标准大床房
1177,茂名,维也纳国际酒店(茂名高铁火车站店),2019-05-28,离茂名火车站很近，酒店环境很好，整洁干净卫生，原本在同程上定的标间，因为他们酒店三楼是影院，标间在4楼，到酒店后前台免费升级到商务房，并送早餐，服务态度很好，值得推荐！,2019-05-28,标准双床房
1178,茂名,城市便捷酒店(茂名学府店),2019-05-29,设施挺齐全的，就是隔音不是特别好,2019-05-29,特价商务单人房
1179,茂名,茂名海豚酒店,2019-05-30,环境非常干净！楼下步行几步就是小吃街，15元1份的海鲜粥很鲜美。我们订得是双人房，床够大，一张床可睡2个女生。卫生间也很干净,2019-05-30,标准双人房
1180,茂名,城市便捷酒店(茂名学府店),2019-05-31,挺好的，工作人员态度很好，房间干净卫生，交通方便，近学校。挺好的，工作人员态度很好，房间干净卫生，交通方便，近学校。,2019-05-31,标准双人间
1181,茂名,茂名途遇精品酒店,2019-06-01,地理位置还可以咯，交通方便，房间舒适卫生，服务人员很热情，乐于提供各种帮助，茂名来讲还过得去,2019-06-01,特价双床房
1182,茂名,茂名国际大酒店,2019-06-02,就是停车场没人指挥车辆出入不好,2019-06-02,豪华双人房
1183,茂名,维也纳国际酒店(茂名万达广场店),2019-06-03,每次出外都会首选维也纳酒店，这次一共订了三间房间，朋友们都说房间干净整洁，床舒服，枕头刚刚好，也很安静！一觉就睡到天亮了。,2019-06-03,标准大床房
1184,茂名,维也纳国际酒店(茂名高铁火车站店),2019-06-04,环境卫生，交通方便，服务态度，很好。 早餐非常丰富多彩。 房间面积比较大，舒服。 水龙头冷热水流量很大。,2019-06-04,标准双床房
1185,茂名,卓越酒店(茂名万达广场店),2019-06-05,时代姐妹都匀,2019-06-05,卓遇双床房
1186,茂名,精途酒店(茂名高铁火车站店),2019-06-06,真的挺好的，又新，东西又好吃，服务态度又好，加油,2019-06-06,标准大床房
1187,茂名,茂名金沙商务酒店,2019-06-07,服务态度好,2019-06-07,特惠单人间
1188,茂名,茂名海豚酒店,2019-06-08,房间空间挺大，卫生舒适，隔音不错，价格合理，网络速度也很快。不足之处在于，酒店位置离一滩步行稍微有点距离，在前台开房时服务员也是搞了好久...,2019-06-08,标准单人房
1189,茂名,维也纳国际酒店(茂名万达广场店),2019-06-09,早餐不错，适合带上孩子，停车方便！,2019-06-09,标准大床房
1190,茂名,茂名御景国际大酒店,2019-06-10,首先早餐品种比较少，但相比海景湾来说好太多，起码有现煮汤粉。其次，房间比较干净，但是房间空调由于是中央空调，天气那么热我觉得不够凉快，还有房间是落地玻璃窗，有带小孩子的要注意安全，因为没有防护栏。还有一个值得吐槽的就是停车场，酒店的地下停车场比较隐蔽，经常找错旁边的饭店的入口上去后比较尴尬，其他的相比水东的酒店来说都不错啦,2019-06-10,豪华大床房
1191,茂名,茂名观海楼假日酒店,2019-06-11,床:不能加 早餐:超简单，只有包子、咸菜、粉面、粥 停车问题:很多车位 房间:还不错，但是床单会有沙子感，不懂是不是我敏感。 亲子游比较好，下楼就是沙滩吃饭的话，楼下有一家，一般，海鲜不够新鲜,2019-06-11,听海景观双床间
1192,茂名,茂名名晟宾馆,2019-06-12,环境卫生很好，服务态度也非常好！,2019-06-12,标准双床房
1193,茂名,维也纳国际酒店(茂名高铁火车站店),2019-06-13,酒店大堂欧式风格，挺好看的。前台服务特别好，真的是淑女般亲切。我说他们的笔很好用就送了我一支笔。看到我们带小朋友过来，额外赠送了两张早餐券。问了小姐姐工作牌号，居然忘记了，很抱歉。早餐品种不多，但是味道不错。还可以免费停车。五分。推荐哦,2019-06-13,商务双床房
1194,茂名,茂名国际大酒店,2019-06-14,端午节父母出去茂名旅游，帮他们订的酒店。离广百近，商业氛围好，购物方便，到处逛逛也可以。总体上满意啦,2019-06-14,豪华双人房
1195,茂名,城市便捷酒店(茂名学府店),2019-06-15,环境不错的,2019-06-15,标准单人间
1196,茂名,Q加·茂名大喜假日酒店,2019-06-16,睡得好床也舒服适合情侣住,2019-06-16,豪华双人房
1197,茂名,茂名诚荟酒店,2019-06-17,房子小，床偏小了,2019-06-17,豪华大床房
1198,茂名,茂名海豚酒店,2019-06-18,干净卫生，安静，离沙滩很近，服务好,2019-06-18,标准双人房
1199,茂名,维也纳国际酒店(茂名万达广场店),2019-06-19,环境不错，服务态度很好。,2019-06-19,标准大床房
1200,茂名,茂名南越印象岭南文化主题酒店火车站店,2019-06-20,酒店岭南文化浓郁，各种设计人性化，贴心，早餐丰富美味，周边的岭南文化街很热闹，吃喝玩乐老少皆宜，地理位置很好！,2019-06-20,精品大床房
1201,茂名,茂名途遇精品酒店,2019-06-21,位置不错的，房间卫生很好，前台小哥服务态度很棒，还帮我提行李，告诉我哪里有好玩的地方，有好吃的，第一次来茂名感觉这里人很和谐，很热情。下次我还会再来的。,2019-06-21,商务单人房(无窗)
1202,茂名,茂名途遇精品酒店,2019-06-22,酒店服务周到，环境、卫生都是比较可以的,2019-06-22,豪华大床房
1203,茂名,茂名海豚酒店,2019-06-23,离中国第一滩非常近，只有二楼是宾馆，隔音不太好，但是因为就这个价格也不能要求太多了。附近吃的不少，价格不知道，没吃。,2019-06-23,标准单人房
1204,茂名,城市便捷酒店(茂名学府店),2019-06-24,我去每个城市落脚都是找城市便捷住的，习惯,2019-06-24,特价商务双人房
1205,茂名,茂名海豚酒店,2019-06-25,没有早餐，两张双人床很适合一家四口住，酒店位置在第一滩入口，酒店门口有很多地方停车，订了三间房，唯一缺点就是有两间空调不够凉，凉得很慢,2019-06-25,标准双人房
1206,茂名,茂名国际大酒店,2019-06-26,早餐不错，有停车场，环境整洁卫生，不知道能否加床，位置便利，可以带孩子，在茂名市内算是不错的酒店了。,2019-06-26,豪华双人房
1207,茂名,城市便捷酒店(茂名学府店),2019-06-27,干净，卫生，服务态度好！,2019-06-27,金墩双人间(无窗)
1208,茂名,茂名华燕宾馆,2019-06-28,全新装修的宾馆，换了一个房间后，还是有新装修的油漆味，不太舒服。 除了以上的问题外，一切都很好。 位置就在车站旁边，地下停车场很大，也很方便。 新装修酒店，设施很新，同时也配备很齐全，完全参考5星级酒店客房的设置配备的，除了没有浴缸。 有瓶装水，无需自己烧开水。 床很软，喜欢睡硬床的可能不太习惯。 有躺椅，晚上不想上床可以躺在上面看书。 窗户开口略小，也没有遮盖，外面下雨容易飘进来。 最重要的是，前台小姑娘很漂亮！赏心悦目，特别对于旅途中的人来说。 很好的酒店，值得强力推荐。,2019-06-28,标准单人房
1209,茂名,茂名观海楼假日酒店,2019-06-29,客人的健康也是很重要的哦。给发霉菌的房间给客人度假会毁了他人难得的美好海滨假期的.注意：这发霉菌是源源不断的，丝毫没有改善的迹,2019-06-29,豪华舒适双床间
1210,茂名,城市便捷酒店(茂名学府店),2019-06-30,还可以，环境和地段不错，只是段了电一段时间。,2019-06-30,商务双人房
1211,茂名,茂名海豚酒店,2019-07-01,我觉得酒店卫生要加强，还是做得不好，卫生间好多地方脏了都没处理，直接影响到入住人的心情，其他方面还可以,2019-07-01,标准双人房
1212,茂名,茂名御景国际大酒店,2019-07-02,早餐很丰富，味道不错，地面和地下2层停车场，12楼有游泳池和健身房，入住可免费使用，一楼大厅有茶楼，人气很旺，还有有小超市，生活日用品零食都可以买到，位置离市区有点远，但是到处可见电瓶单车，注册下载APP后可以使用,2019-07-02,豪华大床房
1213,茂名,IU酒店(信宜中兴六路店),2019-07-03,环境还是很不错的，卫生也很干净，,2019-07-03,豪华大床房
1214,茂名,城市便捷酒店(茂名学府店),2019-07-04,帮朋友订的，评价还不错,2019-07-04,商务单人间
1215,茂名,维也纳国际酒店(茂名高铁火车站店),2019-07-05,房间楼层高，视野好，房间设施新，周边环境有点吵，旁边也在施工。性价比很高，后面需要提升，隔音效果也不是很好,2019-07-05,标准大床房
1216,茂名,茂名海豚酒店,2019-07-06,挺好的，挺卫生的，当然了，到沙滩距离走路要十分钟，但是价格优惠！,2019-07-06,标准单人房
1217,茂名,茂名诚荟酒店,2019-07-07,酒店设施齐全，服务也是非常好，下次我会再来。,2019-07-07,豪华双人房
1218,茂名,茂名海豚酒店,2019-07-08,说实话，这个酒店还真不错，房间挺大的，还挺干净的。在一滩的酒店都是200-300，太贵了，这个160没想到出乎意料的令人满意！！,2019-07-08,标准单人房
1219,茂名,高州简尚精品酒店,2019-07-09,经常出差，在高州来说，性价比挺高的，房间不是很大，但是很安静，连锁酒店比本地的酒店就是好，推荐！！！,2019-07-09,特价房
1220,茂名,茂名御景国际大酒店,2019-07-10,我住酒店算是很多要求的人了，酒店服务员尽了一切可能满足了我的所有要求。我说不连Wi-Fi，要连接有线网络，酒店马上帮我找工程人员帮我调试，鼠标垫也给我弄到，房间叫餐服务味道也不错。我还想了很多一般人不会要的服务和东西，酒店也能做到，真的服务好得不得了，而且，酒店价格不贵哦！400不到就能用准5星酒店服务，哪里找？！,2019-07-10,豪华大床房
1221,茂名,Q加·茂名大喜假日酒店,2019-07-11,环境优美，地理位置好，交通方便，房间舒适卫生，服务人员很热情，乐于提供各种帮助，早餐丰富。设施很人性化，网络高速信号好，窗外风景好。有特别的开床服务，房间小摆件的设计也很有特色。性价比不错，下次还要入住,2019-07-11,豪华双人房
1222,茂名,茂名好来登商务酒店,2019-07-12,环境一般般，这个价位，还是可以住,2019-07-12,豪华单人房
1223,茂名,茂名诚荟酒店,2019-07-13,环境不错，适合出差旅游。,2019-07-13,豪华大床房
1224,茂名,茂名华燕宾馆,2019-07-14,还可以吧 除了有点潮 哈哈哈哈 八十个积分 真的是很大的诱惑 多打几个字 今天又是困觉的一天 哈哈哈哈,2019-07-14,标准单人房
1225,茂名,城市便捷酒店(茂名学府店),2019-07-15,设施一般，小孩睡的话，没有什么东西保护的东西，担心掉地上。 不过也对得起这价格吧,2019-07-15,商务双人房
1226,茂名,茂名南越印象岭南文化主题酒店火车站店,2019-07-16,帮朋友代订的酒店，据他们说酒店的环境、装修、卫生条件都挺好，唯一不满意是早餐太晚，因为要赶时间，他们只好空腹离开了。,2019-07-16,精品大床房
1227,茂名,茂名红金鼎商务宾馆,2019-07-17,床够大，环境优雅，卫生干净,2019-07-17,标准单人房
1228,茂名,茂名国际大酒店,2019-07-18,各种巴适，免费升级商务标间，挨着人民广场，炒鸡巴适,2019-07-18,豪华双人房
1229,茂名,城市便捷酒店(茂名学府店),2019-07-19,停车场有点小，环境还行，毗邻技校和油校,2019-07-19,金墩双人间(无窗)
1230,茂名,轻住悦享酒店(茂名高铁南站店),2019-07-20,还算可以，不错，总体感觉比以前要好，有进步。我们每年都回来住几天的,2019-07-20,特价单人房
1231,茂名,茂名御景国际大酒店,2019-07-21,自从泳池办了暑假游泳班，水不再清澈…如果放暑假期间每天都有那么多游泳的客人，建议还是不要半个月才换一次水吧,2019-07-21,豪华大床房
1232,茂名,卓越酒店(茂名万达广场店),2019-07-22,内部环境好。外面晚上也安静。,2019-07-22,卓遇大床房
1233,茂名,城市便捷酒店(茂名学府店),2019-07-23,综合体验很好，下次还来光顾,2019-07-23,金墩双人间(无窗)
1234,茂名,维也纳3好酒店(茂名沿江大厦店),2019-07-24,订的是单人大床房无窗的，房间较小，不过算蛮干净，需要的东西也都比较齐全，不过房间是不能吸烟的，但是一进房间很大的烟味，还是无窗的，味道久久不能散去，懒得换就将就了，酒店各方面还算满意，但是最不满意的是停车位实在太少了，出去吃个宵夜回来没位置了，太坑了，被迫停在很远的马路边，希望酒店可以改善停车位的问题。,2019-07-24,标准大床房(无窗)
1235,茂名,尚客优连锁酒店(茂名高铁火车站店),2019-07-25,性价比高，大房大床街景，前台态度好。,2019-07-25,豪华大床房
1236,茂名,维也纳3好酒店(茂名沿江大厦店),2019-07-26,刚好去茂名玩比较晚了，就近选择住这里，服务对得起维也纳的品牌，总体好评。房间也挺大的，而且靠近小东江，值得推荐！,2019-07-26,标准双床房(无窗)
1237,茂名,茂名华燕宾馆,2019-07-27,话筒不想接吗！在一起就是最重要最大功率提升肌肤含水量动力方面预计全年使用说明。,2019-07-27,标准单人房
1238,茂名,茂名华燕宾馆,2019-07-28,酒店设施齐全，价格优惠，前台服务也好，卫生也行，早餐也不错，说真的超喜欢那个玉米瘦肉粥，超好吃！估计应该是刚装修不久，刚刚进去房间里时有一股味道，但是住一会就没有什么味道了。酒店周围就是街区，吃饭逛街都很方便，从酒店出发去中国第一滩也不是很远，交通方便。虽然说地处街区内，但是酒店内却是十分的安静，不会影响休息喔！可以放心入住！,2019-07-28,标准单人房
1239,茂名,茂名诚荟酒店,2019-07-29,环境很棒 轻奢简约风,2019-07-29,豪华大床房
1240,茂名,茂名观海楼假日酒店,2019-07-30,房间挺大 装修还可以 也算干净 中央空调够马力,2019-07-30,豪华舒适双床间
1241,茂名,维也纳国际酒店(茂名万达广场店),2019-07-31,环境卫生都比较舒适，,2019-07-31,豪华大床房
1242,茂名,茂名观海楼假日酒店,2019-08-01,早餐不错（餐厅没有空调）楼下就是海滩方便，只是设施有点老旧，刚到时整楼层的公共楼道灯都没有（不知道是否没开，但一定不是感应的），最无语的可算是wifi了，只有酒店前台才有信号，其他的位置都没有信号,2019-08-01,豪华舒适双床间
1243,茂名,茂名国际大酒店,2019-08-02,老牌的酒店但有着非常优质的服务，各位工作人员的态度都十分真诚友善。在现今竞争激烈的酒店行业，感受到国际酒店的提升进步意识很强烈。在其他城市同等价位的酒店绝对享受不到如此好的服务。,2019-08-02,豪华双人房
1244,茂名,茂名海豚酒店,2019-08-03,很一般，设施简陋，卫生较干净，离第一滩不太远。,2019-08-03,标准双人房
1245,茂名,茂名国际大酒店,2019-08-04,这是我这几年一直自驾在路上住过的五星级酒店中服务最好的一家！好得我们都有些不好意思了，我订的豪华间主动免费帮我升级到行政房，房间超大。入住当天下午我们没在酒店时服务员进来打扫卫生，见我没干的衣服乱挂着，主动拿来晾衣架帮我晾好，随便扔的衣服也帮我们收拾好，还贴心的给煮好一壶水，矿泉水用过的都给补上，牙刷拆了的也给补上。加管家微信还有很多项免费服务，比如泡脚啥的，太多了，虽然我都没有要求。来茂名，一定一定要住这家，价格亲民，让你好好享受一下什么叫最好最贴心的五星级服务！我都想给8星好评的呢！,2019-08-04,豪华双人房
1246,茂名,茂名海豚酒店,2019-08-05,住得还可以，走路到海边，不远，免费停车。,2019-08-05,标准双人房
1247,茂名,茂名海豚酒店,2019-08-06,离景点很近，洗浴直接回酒店即可。,2019-08-06,标准双人房
1248,茂名,茂名国际大酒店,2019-08-07,性价比很高的星级酒店，住的房间有浴缸，宽敞，服务态度很好，由于第二天要开会，还帮忙熨了衣服，酒店冰箱不行还立马更换，很好的住店体验！！,2019-08-07,高级大床房
1249,茂名,茂名观海楼假日酒店,2019-08-08,酒店到沙滩很近，楼下吃海鲜也便宜，就是这边的海水质量一般，海水含沙量多，打到眼睛很难受，建议给小孩配潜水镜，沙滩不收费可以随意进出，缺点是酒店近海，床单被子黏黏的睡着不太习惯，酒店停车方便，早餐选择少不好吃。,2019-08-08,无敌海景双床房
1250,茂名,茂名御景国际大酒店,2019-08-09,有停车场，有餐厅，有健身房和露天泳池，还有几层楼是水汇休闲会所，也算是当地比较高端的了，环境很好，很新。室内照片忘记拍了,2019-08-09,豪华大床房
1251,茂名,茂名名晟宾馆,2019-08-10,便宜性价比环境还可以适合出差的人,2019-08-10,特惠标准单人间
1252,茂名,茂名海豚酒店,2019-08-11,就在公交车站旁，位置很好找。隔音真的很一般。,2019-08-11,标准双人房
1253,茂名,维也纳国际酒店(茂名万达广场店),2019-08-12,能免费停车，万达广场是还在建设中的，酒店在电白客运站场对面，6.5层有免费洗衣房，一楼有餐厅，首次关注公众号送一份早餐，大堂有一台电脑，正好我用来上传了旅途中的照片（wifi网速只有10兆的样子），2米大床很舒服，一觉睡到11点。,2019-08-12,豪华大床房
1254,茂名,茂名海豚酒店,2019-08-13,位置很近中国第一滩，走路大约八分钟，附近有很多吃海鲜的大排档。我已经连续三年选择住在这里了。值得推荐。,2019-08-13,标准双人房
1255,茂名,维也纳3好酒店(茂名沿江大厦店),2019-08-14,我帮我亲戚订的是江景房，但是进入房间令我大失所望，只有这样的一点江景，就可以算是江景房，收贵一点，大家在订这类以“江景”为名的房间请擦亮眼睛了。,2019-08-14,江景大床房
1256,茂名,城市便捷酒店(茂名学府店),2019-08-15,价廉物美很不错的一次入住体验，虽然偏了点但房间很大很干净，周边配套设施也很不错，而且还有接机送机服务，很好的一次体验,2019-08-15,特价商务单人房
1257,茂名,茂名万达广场雅斯特国际酒店,2019-08-16,勉强过得去，但价格没有优势,2019-08-16,豪华单人房
1258,茂名,精途酒店(茂名高铁火车站店),2019-08-17,"很干净,卫生搞得好,早餐也不错,房间也可以够大,也有洗衣机,然后跟火车站好近,出门旅行必备首选的酒店,跟男朋友一起住感觉都非常好,值得推荐！",2019-08-17,标准大床房
1259,茂名,茂名诚荟酒店,2019-08-18,提醒大家进去住的时候检查收费的东西齐不齐，什么都没动过就被人这家酒店的人骗了二十块。,2019-08-18,豪华大床房
1260,茂名,城市便捷酒店(茂名学府店),2019-08-19,早餐品类太单一，没什么吃的，菜太咸，酒店房间小，比较吵,2019-08-19,特价商务双人房
1261,茂名,茂名观海楼假日酒店,2019-08-20,该酒店除了离海滩近，地理位置好其他各方面真的无力吐槽了！一早餐种类特别少，二，晚上从外面回房间地板上好多小强，三，服务非常一般，房间电视没遥控打一个电话给前台说那个开机顶盒的就可以打开电视机，确定不能用再打电话给前台直接挂掉，真的无语了！还有楼下的虾爱上蟹，服务态度也一样，之前在网上看推荐这家吃海鲜，本人体验是这几天吃过的几家店服务最差的一家了。,2019-08-20,豪华舒适双床间
1262,茂名,城市便捷酒店(茂名学府店),2019-08-21,环境不错，干净卫生，服务态度很好,2019-08-21,商务双人房
1263,茂名,茂名红金鼎商务宾馆,2019-08-22,房间很不错，服务也很热情，前台小姑娘很负责任，服务态度 真的很不错 酒店的地理位置很好 楼层服务员很热情 强烈推荐本酒店 出差 旅行都很方便,2019-08-22,高级单人房(带电脑)
1264,茂名,维也纳国际酒店(茂名万达广场店),2019-08-23,在车站对面，新，干净，好像没有配套早餐,2019-08-23,豪华大床房
1265,茂名,茂名诚荟酒店,2019-08-24,非常可以的,2019-08-24,豪华双人房
1266,茂名,城市便捷酒店(茂名学府店),2019-08-25,首先，没有足够停车位，要自己在路边找，第二，隔音差，空调是坏的，风叶掉了，不能调风向，而且很吵，服务也差，让前台多给一张被子，冷冷说没有，枕头十分高，高到离谱，住过算很差的酒店了，卫生也差，房间也小，一晚没睡好，总之差,2019-08-25,特价商务单人房
1267,茂名,茂名海豚酒店,2019-08-26,住宿环境比较简陋，只有二层，一楼是上铺，但是因为附近都是开发区晚上人很少，所以我住路边也不觉得吵。是一滩附近最便宜的酒店之一了。其他都很贵。奔着价格便宜去的，所以要求不要太高。,2019-08-26,标准双人房
1268,茂名,茂名海豚酒店,2019-08-27,位置比较好找，就在马路边上。我订的两间房子，有一间门缝好大。 毕竟靠近第一滩，所以附近环境很好。,2019-08-27,标准大床房
1269,茂名,精途酒店(茂名高铁火车站店),2019-08-28,布置很可爱，服务态度也很好，但电视机看不了，电话用不了，门上的铁链是没有的，安全系数低,2019-08-28,特色亲子房
1270,茂名,IU酒店(茂名人民南路油城大厦店),2019-08-29,123456789还可以,2019-08-29,小U舒适大床房
1271,茂名,茂名华燕宾馆,2019-08-30,酒店设施看起来都有点历史了，房间灯光太暗，不过在广州这个价格还也还行,2019-08-30,标准双人房
1272,茂名,维也纳3好酒店(茂名沿江大厦店),2019-08-31,床挺舒服的，请自带套,2019-08-31,标准大床房(无窗)
1273,茂名,城市便捷酒店(茂名学府店),2019-09-01,挺好的，不错，很可以，环境卫生也好,2019-09-01,商务单人间
1274,茂名,茂名红金鼎商务宾馆,2019-09-02,环境不错，服务好，卫生很好,2019-09-02,标准双人房
1275,茂名,茂名海豚酒店,2019-09-03,地理环境好，安全，干净,2019-09-03,标准双人房
1276,茂名,茂名荔晶大酒店,2019-09-04,茂名地区较老的四星级酒店，位置还可以，服务人员态度很好，经常入住这边，如果能解决停车问题，那就更好咯。,2019-09-04,豪华房
1277,茂名,茂名诚荟酒店,2019-09-05,酒店是相当不错的，与周围同等价格酒店对比，此店性价比高 ，物有所值。酒店的位置非常好，出行十分方便，酒店还可以代叫出租车，周围有公交车站。,2019-09-05,豪华双人房
1278,茂名,茂名名晟宾馆,2019-09-06,几十块钱能订到一百多的房我感觉，很好,2019-09-06,豪华单人房
1279,茂名,维也纳国际酒店(茂名万达广场店),2019-09-07,酒店正对面就是汽车客运站，出行打车，公交车，共享汽车，共享电动车都有出行挺方便呢 酒店有露天停车场，也有地下停车场！ 酒店内有便利店，自助洗衣房，工作人员服务都很好！,2019-09-07,行政双床房
1280,茂名,维也纳国际酒店(茂名万达广场店),2019-09-08,我订的是家庭房，适合一家三口入住，有一张大床和一张单人床，房间大而且整洁，停车方便，近客运站，附近也有美食，前台接待热情周到，是一间性价比高的酒店，下次还会再入住该酒店。,2019-09-08,温馨家庭房
1281,茂名,茂名海豚酒店,2019-09-09,还算可以吧，设施老化了,2019-09-09,标准大床房
1282,茂名,茂名观海楼假日酒店,2019-09-10,环境不错，服务态度很好，值得来玩。,2019-09-10,豪华舒适大床房
1283,茂名,茂名观海楼假日酒店,2019-09-11,环境可以，服务一级棒。离景区好近。,2019-09-11,豪华舒适双床间
1284,茂名,茂名国际大酒店,2019-09-12,酒店交通方便，房间面积大，12楼有免费的咖啡和茶水供给，门厅帅哥服务态度好，客房服务员还烧好开水并留了卡片，点赞！,2019-09-12,高级大床房
1285,茂名,维也纳国际酒店(茂名万达广场店),2019-09-13,第一次住感觉环境很不错。,2019-09-13,豪华大床房
1286,茂名,轻住悦享酒店(茂名高铁南站店),2019-09-14,早歺好、很丰富，非常方便！,2019-09-14,豪华双人房
1287,茂名,城市便捷酒店(茂名学府店),2019-09-15,位于广东石油化工学院周边，方便探亲,2019-09-15,标准单人间
1288,茂名,茂名海豚酒店,2019-09-16,有地方停车，这点还不错，房间设施挺简单的，不过有吹风筒，价格还是算优惠的，走十来分钟就可以走到海边了，还算方便,2019-09-16,标准双人房
1289,茂名,茂名观海楼假日酒店,2019-09-17,我们住的是两晚，第一日已经觉得很多德国小强通房行地面 台面 墙壁都有小强，第二天下午游完水回来床上有七八只，完全不想在床上训觉，两晚天花板传来不明小动物的叫声，天花板还有蜘蛛网。还有一个设计问题：冲凉房本来是干湿分离，但冲凉房地漏去水慢，隔离差，水很容易就满到干的洗手盆及坐厕处，但这里没有地漏，冲完凉要叫阿姨擦干水，不然水会进房间里。总体来说差到极点!,2019-09-17,豪华舒适双床间
1290,茂名,城市便捷酒店(茂名学府店),2019-09-18,服务不错，房间也很好，下次过来的话，还会考虑！,2019-09-18,商务双人房
1291,茂名,茂名诚荟酒店,2019-09-19,酒店还可以,2019-09-19,豪华双人房
1292,茂名,茂名观海楼假日酒店,2019-09-20,挺好的，每次去一滩都是去观海楼假日酒店住，这次入住好多天，酒店是可以加床的，早餐品种也多，酒店有停车场，停车方便，入住酒店有景区免费停车劵，随时无限次可以进出，停车票一晚要30块，住酒店可以省了30元。我住的是无敌海景房，坐在阳台可以看到整个海景，一线海景对于我这些爱海的简直棒极了。下次还要去，带孩子一起去。,2019-09-20,无敌海景大床房
1293,茂名,茂名国际大酒店,2019-09-21,地理位置很好，旁边就是广百商场及华侨城，购物饮食都很方便。服务周到，会为客人烧好水放保温瓶中。房间空间舒适，干净卫生，床上用品也很舒服。,2019-09-21,豪华双人房
1294,茂名,维也纳国际酒店(茂名万达广场店),2019-09-22,经常来茂名，跑这里来住，比市里划算很多，便宜三分之一，酒店还赠送了早餐，停车比较方便，离海边红树林很近，夜景还可以,2019-09-22,豪华双床房
1295,茂名,茂名好来登商务酒店,2019-09-23,房间太小了，隔音不是很好,2019-09-23,豪华单人房
1296,茂名,Q加·茂名大喜假日酒店,2019-09-24,服务热情，酒店位置很好。,2019-09-24,商务标准双人房
1297,茂名,城市便捷酒店(茂名学府店),2019-09-25,一个人住那。。。。学校边上，还可以。？,2019-09-25,商务单人间
1298,茂名,茂名诚荟酒店,2019-09-26,其他都还好，就是一大早就有人在施工，影响休息,2019-09-26,豪华大床房
1299,茂名,星悦酒店(茂名文化广场店),2019-09-27,感觉还好，就是我下单看错了，把双人床房看成了双人房了，但是整体还是不错,2019-09-27,标准双人房
1300,茂名,茂名熹龙国际大酒店,2019-09-28,装修简约新潮，大堂很宽敞，出行交通便利，早餐很赞哟，前台服务棒棒哒，客房干净卫生，强烈推荐入住。 酒店地理位置优越，位置很好找，就在前进村地铁口，大厅宽敞明亮，前台小姐姐服务态度也很好，客房干净卫生，,2019-09-28,豪华园景房
1301,茂名,城市便捷酒店(茂名学府店),2019-09-29,椅子不太舒服 浴室花洒不是很给力 床品感觉是潮的 那种洗衣店出来没熨干的感受 正对着学校 下课时有点吵闹,2019-09-29,精选大床房
1302,茂名,茂名海豚酒店,2019-09-30,很好，环境也不错，就是离景区远了一点,2019-09-30,标准双人房
1303,茂名,茂名诚荟酒店,2019-10-01,哪个厕所是开放式的，个人不喜欢，感觉好恶心，看了评论还不错，试试，哪个床好硬，睡的不舒服，问要多个枕头都说大床房是单人房来的，我是醉了,2019-10-01,豪华大床房
1304,茂名,茂名观海楼假日酒店,2019-10-02,环境不错，海景好美，适合家庭度假，朋友旅游，适合海钓的朋友,2019-10-02,豪华舒适大床房
1305,茂名,城市便捷酒店(茂名学府店),2019-10-03,有停车场，不过晚一点回去基本都没位置停的,2019-10-03,精选大床房
1306,茂名,茂名海豚酒店,2019-10-04,门缝太大，价格高，不过假期也没有办法,2019-10-04,标准大床房
1307,茂名,城市便捷酒店(茂名学府店),2019-10-05,服务不错，环境不错，总体挺满意的,2019-10-05,商务双人房
1308,茂名,城市便捷酒店(茂名学府店),2019-10-06,早餐18元一份，东西不算多，比以前再广西住的时候差点，忘记拍照了，住的床跟平常的一样很舒服很柔软，房间大小合适，就是车位不多，来了两天，就是第二天一早回来才强到院里面的车位，不然要停外面路边，门口路边的停车位也不算多,2019-10-06,商务双人房
1309,茂名,茂名海豚酒店,2019-10-07,普通住宿，房间很简单，离沙滩走路10分钟吧,2019-10-07,标准双人房
1310,茂名,茂名国际大酒店,2019-10-08,茂名第一家五星级酒店，位置在市中心，很方便，4楼的早茶也是茂名蛮出名的，三四百的价格很划算啊,2019-10-08,豪华双人房
1311,茂名,城市便捷酒店(茂名学府店),2019-10-09,酒店位置很好离学校近，酒店房间卫生不错，无停车场，不好停车。,2019-10-09,精选大床房
1312,茂名,茂名国际大酒店,2019-10-10,早餐不错，满足南北方不同需求，酒店有停车场，部分房间可加床，可以带孩子的，酒店交通方便。入住两次体验都挺不错。,2019-10-10,豪华双人房
1313,茂名,茂名国际大酒店,2019-10-11,可以说是茂名最好的酒店没有之一了，各项服务都很棒，餐食也算丰富，交通购物都很方便，离市政府10分钟步行，强烈推荐！,2019-10-11,豪华双人房
1314,茂名,茂名诚荟酒店,2019-10-12,可以，安静,2019-10-12,豪华双人房
1315,茂名,茂名海豚酒店,2019-10-13,卫生不错，设备齐全，床也挺大的，酒店距离一摊也不是很远，价格也不贵，有停车场，服务也不错，还有免费矿泉水,2019-10-13,标准双人房
1316,茂名,高州简尚精品酒店,2019-10-14,挺好的，已经很晚了才订的房，就是那个特价房实在小了点，其他都还挺好,2019-10-14,特价房
1317,茂名,茂名荔晶大酒店,2019-10-15,酒店空间很大，卫生间水也很大。但稍稍欠缺的就是灯光太暗，早餐自助餐种类不多，但也够吃饱肚子。早餐店旁边是个小花园，有孩子的可以吃完在小花园里玩一下。,2019-10-15,豪华房
1318,茂名,茂名国际大酒店,2019-10-16,服务好，环境好，还有健身房,2019-10-16,豪华双人房
1319,茂名,精途酒店(茂名高铁火车站店),2019-10-17,品牌已不是第一次入住了，大数据让店员发现我入住过一切完美，性价比超高，值得信任，停车方便。自驾首选,2019-10-17,商务大床房
1320,茂名,茂名柏丽酒店,2019-10-18,酒店房间挺大，干净卫生，前台服务态度挺好，早餐种类较少,2019-10-18,豪华单人房
1321,茂名,茂名国际大酒店,2019-10-19,常棒的一家酒店，设施新服务好，特别是房间床品很舒适，总体感觉很好，以后出差就选这家酒店没错的，周边吃饭也很方便哦！,2019-10-19,豪华大床房
1322,茂名,茂名国际大酒店,2019-10-20,非常好的酒店，服务一流，餐饮一流，这是我们点餐送到房间的。周末酒店价格也优惠，非常满意这里的一切服务。,2019-10-20,豪华双人房
1323,茂名,茂名荔晶大酒店,2019-10-21,早餐没去吃…感觉住了这么多次酒店就没吃过一次早餐的。房间很大，不过灯光可能稍微偏暗一点。酒店的位置很好，去哪都很方便。有停车场。,2019-10-21,豪华房
1324,茂名,轻住悦享酒店(茂名高铁南站店),2019-10-22,早餐还可以，停车也方便，位置也不错，离火车站比较近，特别是新开的南站房。比较适合商务出差，这次住了十几天。,2019-10-22,标准大床房
1325,茂名,IU酒店(茂名人民南路油城大厦店),2019-10-23,环境各方面都还好 就是办事效率有点低 而且给人不专业的感觉 我们办理入住的时候已经是凌晨了 大家都很累 前台登记的时候将近用了二十多分钟吧 说是没见到我们购买的信息 然后又说我们预定的房间已经没有了 给我们换了双人房 （我们入住前一天已经打电话告知给我们整晚留房了） 入住的时候洗手间的沐浴露和洗发水也没有 电视机也是坏的。我们订了两天 前台在第一天中午就打电话催退房 当时考完试已经很累了 正在休息.. 就很生气了。试问你这边都不登记的吗？这么不专业吗？ 除了房间环境还不错 其他各方面的体验感给我的感觉都很差！！,2019-10-23,小U舒适大床房
1326,茂名,茂名诚荟酒店,2019-10-24,好，卫生干净,2019-10-24,豪华大床房
1327,茂名,茂名海豚酒店,2019-10-25,挺好的，住的舒服。酒店位置很好，环境也好，和朋友一起去的，住的蛮舒服的，建议订购，挺喜欢的。前台接待也不错的，楼下就有早餐。,2019-10-25,标准双人房
1328,茂名,Q加·茂名大喜假日酒店,2019-10-26,酒店坏境好 住房舒服 028,2019-10-26,商务标准双人房
1329,茂名,茂名海豚酒店,2019-10-27,服务好，干净整洁。住的特别舒服。,2019-10-27,标准双人房
1330,茂名,Q加·茂名大喜假日酒店,2019-10-28,住得舒服卫生干净下次再来028,2019-10-28,商务标准双人房
1331,茂名,茂名海豚酒店,2019-10-29,位置就在第一滩景区内，超干净，洗浴用品好，饮食和交通方便。,2019-10-29,标准双人房
1332,茂名,茂名诚荟酒店,2019-10-30,性价比很高,2019-10-30,豪华大床房
1333,茂名,茂名诚荟酒店,2019-10-31,超级好，棒棒哒,2019-10-31,豪华大床房
1334,茂名,维也纳3好酒店(茂名沿江大厦店),2019-11-01,位置很好，可以晚上看音乐喷泉，酒店设施也很好，挺新的，无异味，,2019-11-01,标准双床房(无窗)
1335,茂名,Q加·茂名大喜假日酒店,2019-11-02,性价比高，服务好，位置好。,2019-11-02,豪华行政三人间
1336,茂名,茂名海豚酒店,2019-11-03,距离一滩特别近。还有免费的停车位，挺好的,2019-11-03,标准双人房
1337,茂名,高州简尚精品酒店,2019-11-04,卫生比较干净，值得入住……,2019-11-04,特价房
1338,茂名,维也纳国际酒店(茂名万达广场店),2019-11-05,每次来都会入住维也纳酒店，有家的感觉,2019-11-05,标准大床房
1339,茂名,维也纳国际酒店(茂名万达广场店),2019-11-06,连续住了两晚，喜欢维也纳酒店的风格，有家一样的感觉，,2019-11-06,标准大床房
1340,茂名,Q加·茂名大喜假日酒店,2019-11-07,住得舒服，环境卫生干净，停车方便。酒店附近餐饮配套设施齐全。工号008前台服务员服务态度非常好，热情周到。,2019-11-07,蜜月房
1341,茂名,城市便捷酒店(茂名学府店),2019-11-08,整体还是不错，唯一就是卫生间排水不太好,2019-11-08,商务双人房
1342,茂名,茂名海豚酒店,2019-11-09,挺便宜的，离海很近，下次还来,2019-11-09,标准双人房
1343,茂名,茂名南越印象岭南文化主题酒店火车站店,2019-11-10,在网上找的这家酒店，比较有特色，看评论说比较安静，楼道铺的地毯，走过没有声音，房间大、高、宽敞。装修新，大堂布置典雅，有文化韵味。有地面和地下停车场，住店获免费停车券。酒店正前方是个广场，旁边是美食街，主要是晚上热闹，还好现在晚上凉了，10点以后基本不吵了，夏天估计够呛，得喧嚣到午夜。房间中央空调，出风口有“啸声”，高频，好像耳鸣，没办法只好关了空调，盖着被子有点热。,2019-11-10,行政双人间
1344,茂名,IU酒店(茂名人民南路油城大厦店),2019-11-11,很舒服，很喜欢，周边环境很好，交通又方便，绿化又好，酒店干净便捷，前台小姐姐人好好，下次有机会还来这里,2019-11-11,小U舒适大床房
1345,茂名,茂名国际大酒店,2019-11-12,五星很好的，，，，，，,2019-11-12,高级大床房
1346,茂名,Q加·茂名大喜假日酒店,2019-11-13,住宿环境舒适，卫生干净，停车位较多，停车方便。工号008前台接待员服务热情周到，服务态度很好。下次再光临。,2019-11-13,豪华蜜月房
1347,茂名,维也纳国际酒店(茂名万达广场店),2019-11-14,房间很大，设施齐全，卫生很好，性价比超高！早餐挺好，服务也不错，门口停车方便。意外惊喜，下次还会入住！适合自驾。,2019-11-14,豪华双床房
1348,茂名,轻住悦享酒店(茂名高铁南站店),2019-11-15,早餐不错哦，番薯好软好甜，床单啥的比较干爽，没有霉味，卫生不错，继续坚持哈，就是昨晚快十二点五六个警察上来查房，好怕怕，吓一跳，前台应该打电话来告知一声,2019-11-15,标准大床房
1349,茂名,茂名海豚酒店,2019-11-16,在旅游景区的酒店，向前走就是天下第一滩，较简朴,2019-11-16,标准大床房
1350,茂名,化州桔龙商务酒店,2019-11-17,还可以，卫生干净，出门方便，停车方便,2019-11-17,标准双床房
1351,茂名,城市便捷酒店(茂名学府店),2019-11-18,来招聘时，都住在这里，不错,2019-11-18,标准单人间
1352,茂名,城市便捷酒店(茂名学府店),2019-11-19,位置非常好，但是卫生有待提高,2019-11-19,特价商务单人房
1353,茂名,茂名海豚酒店,2019-11-20,还好吧 不错了 经济实惠,2019-11-20,标准双人房
1354,茂名,Q加·茂名大喜假日酒店,2019-11-21,住宿环境舒适，卫生干净整洁，停车位较多，停车方便。周边餐饮配套齐全。工号028前台服务员接待彬彬有礼，服务态度非常好。,2019-11-21,商务标准双人房
1355,茂名,茂名红金鼎商务宾馆,2019-11-22,喜欢这里卫生各方面服务都满意,2019-11-22,标准单人房
1356,茂名,维也纳国际酒店(茂名万达广场店),2019-11-23,服务态度很好，酒店不错,2019-11-23,豪华双床房
1357,茂名,茂名君悦商务酒店,2019-11-24,卫生很好，值得来住。,2019-11-24,标单
1358,茂名,维也纳国际酒店(茂名高铁火车站店),2019-11-25,房间干净，早餐不错。品种齐全，就餐环境好,2019-11-25,商务大床房
1359,茂名,维也纳国际酒店(茂名万达广场店),2019-11-26,很不错，舒服,2019-11-26,行政套房
1360,茂名,维也纳国际酒店(茂名高铁火车站店),2019-11-27,来茂名出差，订了高铁站附近的酒店，导航显示步行8百多米，还好选择了打车，步行是走不通的，打车有三四公里路。房间比较大，早餐的选择很多，总体挺满意的,2019-11-27,商务大床房
1361,茂名,茂名鑫都宾馆,2019-11-28,房间卫生干净整洁，环境不错，前台小妹妹服务热情有礼，店前有美丽的小东江，音乐喷泉，最主要的是价格实惠，性价比特高，下次来茂名一定还住这家店。,2019-11-28,标准单人房
1362,茂名,维也纳国际酒店(茂名万达广场店),2019-11-29,酒店位置在电白区客运站对面，停车方便有免费停车场，房间宽敞舒适干净卫生，配有多功能充电线线。酒店装修很时尚潮流休闲维馨，工作人员服务态度都挺好，见面都会主动问好，是一家管理素养不错的酒店。出门左转有一家饭店亚九土鸡很火，门口总是停很多车，我们中餐、晚餐都在那里吃，口味很好价格实惠。,2019-11-29,豪华双床房
1363,茂名,维也纳国际酒店(茂名万达广场店),2019-11-30,房建装修是新装修的有点气味，要开房间门通风，但里面装修不错。 位置距离高速稍微远了一些，反正我开了二十几分钟，可以点外卖，附近吃的不错。,2019-11-30,豪华双床房
1364,茂名,茂名海豚酒店,2019-12-01,很好，服务态度很好,2019-12-01,标准双人房
1365,茂名,茂名国际大酒店,2019-12-02,酒店设有地下和地面停车场，停车方便。酒店服务员服务态度很好，客房干净整洁设施齐全，二三楼有茶楼餐厅饮食方便。,2019-12-02,高级大床房
1366,茂名,茂名诚荟酒店,2019-12-03,没有早餐吃的吧？,2019-12-03,豪华双人房
1367,茂名,茂名鑫都宾馆,2019-12-04,"该酒店交通方便,前台接待的服务很好，业务熟练。打扫房间的服务员很用心，整体服务都不错，硬件设施都很好。值得推荐！",2019-12-04,标准单人房
1368,茂名,维也纳国际酒店(茂名万达广场店),2019-12-05,每次去都会选择维也纳酒店入住，无论是从环境还是服务都是我一直首选入住的理由,2019-12-05,标准大床房
1369,茂名,Q加·茂名大喜假日酒店,2019-12-06,住宿非常舒适，价格优惠。卫生条件干净整洁，餐饮配套设施齐全，停车位比较多，停车方便。工号008前台接待员态度很好，服务热情周到。,2019-12-06,商务标准双人房
1370,茂名,城市便捷酒店(茂名学府店),2019-12-07,房间霉味太重，隔音不好，空调外机声音太吵，工作人员冷漠，没有耐心。寄存了行李要取时，他看了一眼说没找到，把单子丢回给我让自己去认领，也不告知去那认领，自己又低头不知道干嘛去了……入住体验最差的一个城市便捷。可以的话想打负分 以后来茂名不会再住这家,2019-12-07,金墩大床房
1371,茂名,茂名国际大酒店,2019-12-08,路过住下还不错哦！酒店位置好，也安静，有停车场，早餐还可以，客房空间大，总体对得起这个价位。尤其要大赞大堂美女经理，专门安排的生日长寿面，好暖心！第二天因赶路匆忙离开，在这里谢谢大堂、餐厅两位年轻的美女经理，祝愿你们生活愉快！,2019-12-08,豪华双人房
1372,茂名,城市便捷酒店(茂名学府店),2019-12-09,隔音效果一点都不好，服务态度也不怎样,2019-12-09,特价商务双人房
1373,茂名,茂名名晟宾馆,2019-12-10,价格亲民，热水空调不错，卫生也行。美中不足停车位少,2019-12-10,特惠标准单人间
1374,茂名,维也纳国际酒店(茂名万达广场店),2019-12-11,环境优美，态度很好，服务很周到，住得最舒服的唯一一家酒店,2019-12-11,标准大床房
1375,茂名,茂名柏丽酒店,2019-12-12,经常入住的酒店，性价比高离公司近,2019-12-12,豪华单人房
1376,茂名,精途酒店(茂名高铁火车站店),2019-12-13,环境舒服，服务好。,2019-12-13,温馨情侣大床房
1377,茂名,维也纳国际酒店(茂名高铁火车站店),2019-12-14,位于火车站北广场附近，本来走路就能到，可惜北广场在施工根本不让通行，只能从南广场坐公交绕过来，1路汽车倒也方便。位置有点清净，不过走路去人民广场也还不远。房间硬件挺好，洗澡水特别给力，床品毛巾都很卫生。,2019-12-14,标准大床房
1378,茂名,茂名观海楼假日酒店,2019-12-15,位置挺不错的，楼层的观景楼可以看到整个沙滩，唯一不足就是房间的隔音不好，门柜就隔着一块木板，挂衣服非常的吵，隔壁讲话的声音也可以听到，外面阿姨搞卫生的声音也很吵，说话声音也很大，被吵醒后就没睡着了，也提醒了一遍 楼下的餐厅供应早餐的阿姨很热情，去的晚一点就没啥吃了,2019-12-15,无敌海景大床房
1379,茂名,茂名国际大酒店,2019-12-16,第二次来这里入住，原因是第一次的感觉非常棒，夜里多跑了几百公里特意赶到这里。不过这次有一点不如意，就是枕头好像是有点梅味，把我搞的没睡好。没有第一次的感觉好,2019-12-16,行政商务双床房
1380,茂名,Q加·茂名大喜假日酒店,2019-12-17,住宿环境舒适，卫生条件干净整洁，停车位较多，停车方便。餐饮配套设施齐全，前台接待员服务热情周到，态度非常好！,2019-12-17,商务标准双人房
1381,茂名,城市便捷酒店(茂名学府店),2019-12-18,相当满意，干净卫生，隔音效果很好,2019-12-18,标准双人间
1382,茂名,精途酒店(茂名高铁火车站店),2019-12-19,地理位置容易找，但是停车位少了点，房间挺不错的，很大，干净！下次还是会选择居住！但是路边房间吵了点！,2019-12-19,商务大床房
1383,茂名,维也纳国际酒店(茂名万达广场店),2019-12-20,出差多，经常选择维也纳，整体都是比较满意的，这次入住两个体验不好，一是早餐餐厅在改造，就是在大堂的小超市领，一盒豆奶或乳酸奶+一个面包，太一般，即使装修不便，替代方案的品质也应该好一点；二是退房开发票时，业务太不熟悉，早上时段退房人比较多，不能合理引导客人有序办理，办理速度又慢，还交叉作业，更加顾此失彼，客人都不满意。,2019-12-20,标准大床房
1384,茂名,茂名海豚酒店,2019-12-21,还算好吧，就是底板多砂子,2019-12-21,标准大床房
1385,茂名,卓越酒店(茂名万达广场店),2019-12-22,还不错，赞一个，,2019-12-22,卓遇大床房
1386,茂名,华海酒店(茂名高铁站店),2019-12-23,非常气派地理位置不错，看得出酒店在曾经非常的辉煌你高铁站很近，有地下停车酷，路面车位也挺多有保安会帮你看车附近还有洗车厂的,2019-12-23,豪华大床房
1387,茂名,茂名熹龙国际大酒店,2019-12-24,爸妈开车路过，对酒店很满意，房间很大，停车方便，有早餐，酒店还有88元自助晚餐，总之符合两位老人家的要求，很不错,2019-12-24,高级双床房
1388,茂名,尚客优连锁酒店(茂名高铁火车站店),2019-12-25,非常好，下次还来,2019-12-25,特惠房
1389,茂名,茂名诚荟酒店,2019-12-26,房间环境挺好！双人床也很舒服，睡4个人也可以睡得下，卫生间看起来超级干净，比我之前住的其他酒店都还好，而且这个价钱也可以。,2019-12-26,豪华双人房
1390,茂名,城市便捷酒店(茂名学府店),2019-12-27,还行吧，比较靠近广东石油化工学院,2019-12-27,标准单人间
1391,茂名,茂名诚荟酒店,2019-12-28,经济实惠吧,2019-12-28,豪华双人房
1392,茂名,茂名国际大酒店,2019-12-29,在茂名算是比较好的酒店了，有会场，有餐饮，还算是比较方便，旁边还是广百百货，购物很方便，酒店房间宽敞，服务也可以。,2019-12-29,豪华大床房
1393,茂名,城市便捷酒店(茂名学府店),2019-12-30,停车位可能不太够，开车去的不一定有位置停，特别是晚入住的。,2019-12-30,商务单人间
1394,茂名,茂名名晟宾馆,2019-12-31,干净整洁，前台接待人员认真负责的工作给我留下了很好的印象。,2019-12-31,特惠标准单人间
